{
  "schemaVersion": 1,
  "id": "bonesmod",
  "version": "1.0.0",
  "name": "Bones Mod (1.20.2)",
  "description": "Drops all bones in inventory on backslash. Takes bones out of open container into inventory on Enter.",
  "authors": [
    "Etienne"
  ],
  "contact": {},
  "license": "MIT",
  "environment": "*",
  "entrypoints": {
    "main": [
      "com.example.bonesmod.BonesMod"
    ],
    "client": [
      "com.example.bonesmod.BonesClient"
    ]
  },
  "depends": {
    "fabricloader": ">=0.14.22",
    "fabric": "*",
    "minecraft": "1.20.2"
  }
}